,Country Name,variable,value
5,Albania,1960,
6,Andorra,1960,
14,Austria,1960,935.4604269
17,Belgium,1960,1273.691659
21,Bulgaria,1960,
24,Bosnia and Herzegovina,1960,
25,Belarus,1960,
37,Switzerland,1960,1787.360348
54,Czech Republic,1960,
55,Germany,1960,
58,Denmark,1960,
70,Spain,1960,396.3922533
71,Estonia,1960,
75,Finland,1960,1179.353011
77,France,1960,1334.689512
81,United Kingdom,1960,1397.594803
89,Greece,1960,520.3227443
99,Croatia,1960,
101,Hungary,1960,
111,Ireland,1960,685.6147124
114,Iceland,1960,1414.982269
116,Italy,1960,804.4926233
137,Liechtenstein,1960,
143,Lithuania,1960,
144,Luxembourg,1960,2242.015817
145,Latvia,1960,
149,Monaco,1960,
150,Moldova,1960,
157,North Macedonia,1960,
159,Malta,1960,
162,Montenegro,1960,
176,Netherlands,1960,1068.784587
177,Norway,1960,1441.75566
190,Poland,1960,
194,Portugal,1960,360.4992985
201,Romania,1960,
212,San Marino,1960,
214,Serbia,1960,
222,Slovenia,1960,
223,Sweden,1960,2114.002973
248,Ukraine,1960,
271,Albania,1961,
272,Andorra,1961,
280,Austria,1961,1031.815004
283,Belgium,1961,1350.197673
287,Bulgaria,1961,
290,Bosnia and Herzegovina,1961,
291,Belarus,1961,
303,Switzerland,1961,1971.316323
320,Czech Republic,1961,
321,Germany,1961,
324,Denmark,1961,
336,Spain,1961,450.0532892
337,Estonia,1961,
341,Finland,1961,1327.427224
343,France,1961,1428.046001
347,United Kingdom,1961,1472.385714
355,Greece,1961,590.7800548
365,Croatia,1961,
367,Hungary,1961,
377,Ireland,1961,739.2764064
380,Iceland,1961,1418.12587
382,Italy,1961,887.3367446
403,Liechtenstein,1961,
409,Lithuania,1961,
410,Luxembourg,1961,2222.366366
411,Latvia,1961,
415,Monaco,1961,
416,Moldova,1961,
423,North Macedonia,1961,
425,Malta,1961,
428,Montenegro,1961,
442,Netherlands,1961,1159.392357
443,Norway,1961,1560.324931
456,Poland,1961,
460,Portugal,1961,382.729947
467,Romania,1961,
478,San Marino,1961,
480,Serbia,1961,
488,Slovenia,1961,
489,Sweden,1961,2288.921701
514,Ukraine,1961,
537,Albania,1962,
538,Andorra,1962,
546,Austria,1962,1087.834243
549,Belgium,1962,1438.523233
553,Bulgaria,1962,
556,Bosnia and Herzegovina,1962,
557,Belarus,1962,
569,Switzerland,1962,2131.391652
586,Czech Republic,1962,
587,Germany,1962,
590,Denmark,1962,
602,Spain,1962,520.2061314
603,Estonia,1962,
607,Finland,1962,1411.702398
609,France,1962,1578.284538
613,United Kingdom,1962,1525.775853
621,Greece,1962,617.0577577
631,Croatia,1962,
633,Hungary,1962,
643,Ireland,1962,797.0062884
646,Iceland,1962,1562.23073
648,Italy,1962,990.2601522
669,Liechtenstein,1962,
675,Lithuania,1962,
676,Luxembourg,1962,2311.798849
677,Latvia,1962,
681,Monaco,1962,
682,Moldova,1962,
689,North Macedonia,1962,
691,Malta,1962,
694,Montenegro,1962,
708,Netherlands,1962,1240.677894
709,Norway,1962,1667.24743
722,Poland,1962,
726,Portugal,1962,407.8528436
733,Romania,1962,
744,San Marino,1962,
746,Serbia,1962,
754,Slovenia,1962,
755,Sweden,1962,2468.694589
780,Ukraine,1962,
803,Albania,1963,
804,Andorra,1963,
812,Austria,1963,1167.000532
815,Belgium,1963,1535.023729
819,Bulgaria,1963,
822,Bosnia and Herzegovina,1963,
823,Belarus,1963,
835,Switzerland,1963,2294.182847
852,Czech Republic,1963,
853,Germany,1963,
856,Denmark,1963,
868,Spain,1963,609.4873841
869,Estonia,1963,
873,Finland,1963,1522.319242
875,France,1963,1744.640123
879,United Kingdom,1963,1613.456884
887,Greece,1963,695.2286244
897,Croatia,1963,
899,Hungary,1963,
909,Ireland,1963,852.1353017
912,Iceland,1963,1831.705656
914,Italy,1963,1126.019337
935,Liechtenstein,1963,
941,Lithuania,1963,
942,Luxembourg,1963,2441.038555
943,Latvia,1963,
947,Monaco,1963,
948,Moldova,1963,
955,North Macedonia,1963,
957,Malta,1963,
960,Montenegro,1963,
974,Netherlands,1963,1328.036649
975,Norway,1963,1775.582655
988,Poland,1963,
992,Portugal,1963,432.5117296
999,Romania,1963,
1010,San Marino,1963,
1012,Serbia,1963,
1020,Slovenia,1963,
1021,Sweden,1963,2657.022505
1046,Ukraine,1963,
1069,Albania,1964,
1070,Andorra,1964,
1078,Austria,1964,1269.412583
1081,Belgium,1964,1701.846276
1085,Bulgaria,1964,
1088,Bosnia and Herzegovina,1964,
1089,Belarus,1964,
1101,Switzerland,1964,2501.29319
1118,Czech Republic,1964,
1119,Germany,1964,
1122,Denmark,1964,
1134,Spain,1964,675.2416391
1135,Estonia,1964,
1139,Finland,1964,1707.503938
1141,France,1964,1909.54162
1145,United Kingdom,1964,1748.288118
1153,Greece,1964,783.705881
1163,Croatia,1964,
1165,Hungary,1964,
1175,Ireland,1964,965.1354227
1178,Iceland,1964,2297.920643
1180,Italy,1964,1222.54454
1201,Liechtenstein,1964,
1207,Lithuania,1964,
1208,Luxembourg,1964,2755.633117
1209,Latvia,1964,
1213,Monaco,1964,
1214,Moldova,1964,
1221,North Macedonia,1964,
1223,Malta,1964,
1226,Montenegro,1964,
1240,Netherlands,1964,1541.947365
1241,Norway,1964,1937.884614
1254,Poland,1964,
1258,Portugal,1964,468.7810816
1265,Romania,1964,
1276,San Marino,1964,
1278,Serbia,1964,
1286,Slovenia,1964,
1287,Sweden,1964,2941.048899
1312,Ukraine,1964,
1335,Albania,1965,
1336,Andorra,1965,
1344,Austria,1965,1374.53214
1347,Belgium,1965,1835.594766
1351,Bulgaria,1965,
1354,Bosnia and Herzegovina,1965,
1355,Belarus,1965,
1367,Switzerland,1965,2620.475547
1384,Czech Republic,1965,
1385,Germany,1965,
1388,Denmark,1965,
1400,Spain,1965,774.7616093
1401,Estonia,1965,
1405,Finland,1965,1882.086858
1407,France,1965,2038.163102
1411,United Kingdom,1965,1873.567774
1419,Greece,1965,899.2812389
1429,Croatia,1965,
1431,Hungary,1965,
1441,Ireland,1965,1023.773726
1444,Iceland,1965,2723.52095
1446,Italy,1965,1304.453817
1467,Liechtenstein,1965,
1473,Lithuania,1965,
1474,Luxembourg,1965,2780.092719
1475,Latvia,1965,
1479,Monaco,1965,
1480,Moldova,1965,
1487,North Macedonia,1965,
1489,Malta,1965,
1492,Montenegro,1965,
1506,Netherlands,1965,1708.096356
1507,Norway,1965,2164.468823
1520,Poland,1965,
1524,Portugal,1965,520.9106594
1531,Romania,1965,
1542,San Marino,1965,
1544,Serbia,1965,
1552,Slovenia,1965,
1553,Sweden,1965,3206.09917
1578,Ukraine,1965,
1601,Albania,1966,
1602,Andorra,1966,
1610,Austria,1966,1486.968606
1613,Belgium,1966,1957.62608
1617,Bulgaria,1966,
1620,Bosnia and Herzegovina,1966,
1621,Belarus,1966,
1633,Switzerland,1966,2784.733548
1650,Czech Republic,1966,
1651,Germany,1966,
1654,Denmark,1966,2487.136181
1666,Spain,1966,889.659872
1667,Estonia,1966,
1671,Finland,1966,2010.213456
1673,France,1966,2186.474592
1677,United Kingdom,1966,1986.747159
1685,Greece,1966,997.4304675
1695,Croatia,1966,
1697,Hungary,1966,
1707,Ireland,1966,1074.506506
1710,Iceland,1966,3215.694178
1712,Italy,1966,1402.442354
1733,Liechtenstein,1966,
1739,Lithuania,1966,
1740,Luxembourg,1966,2900.433218
1741,Latvia,1966,
1745,Monaco,1966,
1746,Moldova,1966,
1753,North Macedonia,1966,
1755,Malta,1966,
1758,Montenegro,1966,
1772,Netherlands,1966,1835.801424
1773,Norway,1966,2317.194884
1786,Poland,1966,
1790,Portugal,1966,575.0076807
1797,Romania,1966,
1808,San Marino,1966,
1810,Serbia,1966,
1818,Slovenia,1966,
1819,Sweden,1966,3454.429789
1844,Ukraine,1966,
1867,Albania,1967,
1868,Andorra,1967,
1876,Austria,1967,1569.667183
1879,Belgium,1967,2086.636005
1883,Bulgaria,1967,
1886,Bosnia and Herzegovina,1967,
1887,Belarus,1967,
1899,Switzerland,1967,2960.722586
1916,Czech Republic,1967,
1917,Germany,1967,
1920,Denmark,1967,2700.74629
1932,Spain,1967,968.3067818
1933,Estonia,1967,
1937,Finland,1967,2034.18905
1939,France,1967,2343.104503
1943,United Kingdom,1967,2058.781882
1951,Greece,1967,1068.114556
1961,Croatia,1967,
1963,Hungary,1967,
1973,Ireland,1967,1152.004952
1976,Iceland,1967,3125.649492
1978,Italy,1967,1533.692877
1999,Liechtenstein,1967,
2005,Lithuania,1967,
2006,Luxembourg,1967,2909.660629
2007,Latvia,1967,
2011,Monaco,1967,
2012,Moldova,1967,
2019,North Macedonia,1967,
2021,Malta,1967,
2024,Montenegro,1967,
2038,Netherlands,1967,1991.360686
2039,Norway,1967,2514.043772
2052,Poland,1967,
2056,Portugal,1967,646.8227201
2063,Romania,1967,
2074,San Marino,1967,
2076,Serbia,1967,
2084,Slovenia,1967,
2085,Sweden,1967,3720.926845
2110,Ukraine,1967,
2133,Albania,1968,
2134,Andorra,1968,
2142,Austria,1968,1677.673528
2145,Belgium,1968,2222.361511
2149,Bulgaria,1968,
2152,Bosnia and Herzegovina,1968,
2153,Belarus,1968,
2165,Switzerland,1968,3121.889031
2182,Czech Republic,1968,
2183,Germany,1968,
2186,Denmark,1968,2776.13539
2198,Spain,1968,950.5457406
2199,Estonia,1968,
2203,Finland,1968,1907.077272
2205,France,1968,2536.085114
2209,United Kingdom,1968,1951.758596
2217,Greece,1968,1154.438531
2227,Croatia,1968,
2229,Hungary,1968,
2239,Ireland,1968,1124.516636
2242,Iceland,1968,2354.480027
2244,Italy,1968,1651.939377
2265,Liechtenstein,1968,
2271,Lithuania,1968,
2272,Luxembourg,1968,3175.367369
2273,Latvia,1968,
2277,Monaco,1968,
2278,Moldova,1968,
2285,North Macedonia,1968,
2287,Malta,1968,
2290,Montenegro,1968,
2304,Netherlands,1968,2185.248659
2305,Norway,1968,2662.117492
2318,Poland,1968,
2322,Portugal,1968,719.0804919
2329,Romania,1968,
2340,San Marino,1968,
2342,Serbia,1968,
2350,Slovenia,1968,
2351,Sweden,1968,3926.409001
2376,Ukraine,1968,
2399,Albania,1969,
2400,Andorra,1969,
2408,Austria,1969,1825.386126
2411,Belgium,1969,2458.08182
2415,Bulgaria,1969,
2418,Bosnia and Herzegovina,1969,
2419,Belarus,1969,
2431,Switzerland,1969,3344.783603
2448,Czech Republic,1969,
2449,Germany,1969,
2452,Denmark,1969,3151.133161
2464,Spain,1969,1077.6787
2465,Estonia,1969,
2469,Finland,1969,2178.03525
2471,France,1969,2752.095114
2475,United Kingdom,1969,2100.667869
2483,Greece,1969,1324.058989
2493,Croatia,1969,
2495,Hungary,1969,
2505,Ireland,1969,1291.34992
2508,Iceland,1969,2039.196295
2510,Italy,1969,1813.388126
2531,Liechtenstein,1969,
2537,Lithuania,1969,
2538,Luxembourg,1969,3658.900683
2539,Latvia,1969,
2543,Monaco,1969,
2544,Moldova,1969,
2551,North Macedonia,1969,
2553,Malta,1969,
2556,Montenegro,1969,
2570,Netherlands,1969,2642.956118
2571,Norway,1969,2875.235844
2584,Poland,1969,
2588,Portugal,1969,795.7593714
2595,Romania,1969,
2606,San Marino,1969,
2608,Serbia,1969,
2616,Slovenia,1969,
2617,Sweden,1969,4234.161348
2642,Ukraine,1969,
2665,Albania,1970,
2666,Andorra,1970,3238.690261
2674,Austria,1970,2058.769051
2677,Belgium,1970,2765.890997
2681,Bulgaria,1970,
2684,Bosnia and Herzegovina,1970,
2685,Belarus,1970,
2697,Switzerland,1970,
2714,Czech Republic,1970,
2715,Germany,1970,2761.166833
2718,Denmark,1970,3464.455156
2730,Spain,1970,1212.289326
2731,Estonia,1970,
2735,Finland,1970,2465.644819
2737,France,1970,2857.251682
2741,United Kingdom,1970,2347.544318
2749,Greece,1970,1494.387984
2759,Croatia,1970,
2761,Hungary,1970,
2771,Ireland,1970,1486.514527
2774,Iceland,1970,2576.353444
2776,Italy,1970,2106.863959
2797,Liechtenstein,1970,4236.33302
2803,Lithuania,1970,
2804,Luxembourg,1970,4298.033897
2805,Latvia,1970,
2809,Monaco,1970,12478.13122
2810,Moldova,1970,
2817,North Macedonia,1970,
2819,Malta,1970,828.4216803
2822,Montenegro,1970,
2836,Netherlands,1970,2927.072939
2837,Norway,1970,3306.219476
2850,Poland,1970,
2854,Portugal,1970,934.0821561
2861,Romania,1970,
2872,San Marino,1970,
2874,Serbia,1970,
2882,Slovenia,1970,
2883,Sweden,1970,4736.217154
2908,Ukraine,1970,
2931,Albania,1971,
2932,Andorra,1971,3496.532023
2940,Austria,1971,2380.978458
2943,Belgium,1971,3082.927989
2947,Bulgaria,1971,
2950,Bosnia and Herzegovina,1971,
2951,Belarus,1971,
2963,Switzerland,1971,
2980,Czech Republic,1971,
2981,Germany,1971,3192.133616
2984,Denmark,1971,3845.506089
2996,Spain,1971,1362.165524
2997,Estonia,1971,
3001,Finland,1971,2716.190092
3003,France,1971,3169.036323
3007,United Kingdom,1971,2649.801514
3015,Greece,1971,1652.325956
3025,Croatia,1971,
3027,Hungary,1971,
3037,Ireland,1971,1703.932183
3040,Iceland,1971,3252.099178
3042,Italy,1971,2305.609751
3063,Liechtenstein,1971,4827.126337
3069,Lithuania,1971,
3070,Luxembourg,1971,4435.398008
3071,Latvia,1971,
3075,Monaco,1971,13812.71818
3076,Moldova,1971,
3083,North Macedonia,1971,
3085,Malta,1971,874.0663356
3088,Montenegro,1971,
3102,Netherlands,1971,3378.614797
3103,Norway,1971,3736.348737
3116,Poland,1971,
3120,Portugal,1971,1064.537713
3127,Romania,1971,
3138,San Marino,1971,
3140,Serbia,1971,
3148,Slovenia,1971,
3149,Sweden,1971,5132.711607
3174,Ukraine,1971,
3197,Albania,1972,
3198,Andorra,1972,4218.271599
3206,Austria,1972,2924.048879
3209,Belgium,1972,3831.6319
3213,Bulgaria,1972,
3216,Bosnia and Herzegovina,1972,
3217,Belarus,1972,
3229,Switzerland,1972,
3246,Czech Republic,1972,
3247,Germany,1972,3809.981445
3250,Denmark,1972,4654.298936
3262,Spain,1972,1708.808629
3263,Estonia,1972,
3267,Finland,1972,3177.645701
3269,France,1972,3854.555835
3273,United Kingdom,1972,3030.432514
3281,Greece,1972,1899.675784
3291,Croatia,1972,
3293,Hungary,1972,
3303,Ireland,1972,2080.465147
3306,Iceland,1972,4014.84273
3308,Italy,1972,2671.137314
3329,Liechtenstein,1972,5637.919093
3335,Lithuania,1972,
3336,Luxembourg,1972,5486.720628
3337,Latvia,1972,
3341,Monaco,1972,16735.01323
3342,Moldova,1972,
3349,North Macedonia,1972,
3351,Malta,1972,975.7588009
3354,Montenegro,1972,
3368,Netherlands,1972,4104.45103
3369,Norway,1972,4413.575692
3382,Poland,1972,
3386,Portugal,1972,1302.266268
3393,Romania,1972,
3404,San Marino,1972,
3406,Serbia,1972,
3414,Slovenia,1972,
3415,Sweden,1972,6027.128499
3440,Ukraine,1972,
3463,Albania,1973,
3464,Andorra,1973,5342.16856
3472,Austria,1973,3890.722419
3475,Belgium,1973,4900.962201
3479,Bulgaria,1973,
3482,Bosnia and Herzegovina,1973,
3483,Belarus,1973,
3495,Switzerland,1973,
3512,Czech Republic,1973,
3513,Germany,1973,5046.755103
3516,Denmark,1973,6119.370222
3528,Spain,1973,2247.553377
3529,Estonia,1973,
3533,Finland,1973,4173.173047
3535,France,1973,4969.762978
3539,United Kingdom,1973,3426.276221
3547,Greece,1973,2502.814745
3557,Croatia,1973,
3559,Hungary,1973,
3569,Ireland,1973,2424.269047
3572,Iceland,1973,5437.342525
3574,Italy,1973,3205.25204
3595,Liechtenstein,1973,7355.080307
3601,Lithuania,1973,
3602,Luxembourg,1973,7447.213018
3603,Latvia,1973,
3607,Monaco,1973,21417.58295
3608,Moldova,1973,
3615,North Macedonia,1973,
3617,Malta,1973,1143.620203
3620,Montenegro,1973,
3634,Netherlands,1973,5345.575444
3635,Norway,1973,5689.588807
3648,Poland,1973,
3652,Portugal,1973,1747.989041
3659,Romania,1973,
3670,San Marino,1973,
3672,Serbia,1973,
3680,Slovenia,1973,
3681,Sweden,1973,7301.215426
3706,Ukraine,1973,
3729,Albania,1974,
3730,Andorra,1974,6320.809632
3738,Austria,1974,4630.757197
3741,Belgium,1974,5733.798139
3745,Bulgaria,1974,
3748,Bosnia and Herzegovina,1974,
3749,Belarus,1974,
3761,Switzerland,1974,
3778,Czech Republic,1974,
3779,Germany,1974,5639.077621
3782,Denmark,1974,6770.750027
3794,Spain,1974,2749.924663
3795,Estonia,1974,
3799,Finland,1974,5297.607817
3801,France,1974,5328.241548
3805,United Kingdom,1974,3665.862798
3813,Greece,1974,2828.748559
3823,Croatia,1974,
3825,Hungary,1974,
3835,Ireland,1974,2516.927686
3838,Iceland,1974,7040.554044
3840,Italy,1974,3621.145822
3861,Liechtenstein,1974,8439.578876
3867,Lithuania,1974,
3868,Luxembourg,1974,8966.728959
3869,Latvia,1974,
3873,Monaco,1974,22712.94336
3874,Moldova,1974,
3881,North Macedonia,1974,
3883,Malta,1974,1245.361225
3886,Montenegro,1974,
3900,Netherlands,1974,6440.97842
3901,Norway,1974,6811.527337
3914,Poland,1974,
3918,Portugal,1974,2000.418246
3925,Romania,1974,
3936,San Marino,1974,
3938,Serbia,1974,
3946,Slovenia,1974,
3947,Sweden,1974,8089.914585
3972,Ukraine,1974,
3995,Albania,1975,
3996,Andorra,1975,7169.101006
4004,Austria,1975,5285.620724
4007,Belgium,1975,6701.377361
4011,Bulgaria,1975,
4014,Bosnia and Herzegovina,1975,
4015,Belarus,1975,
4027,Switzerland,1975,
4044,Czech Republic,1975,
4045,Germany,1975,6236.358881
4048,Denmark,1975,7999.112667
4060,Spain,1975,3209.837445
4061,Estonia,1975,
4065,Finland,1975,6255.544641
4067,France,1975,6690.57827
4071,United Kingdom,1975,4299.745618
4079,Greece,1975,3153.235776
4089,Croatia,1975,
4091,Hungary,1975,
4101,Ireland,1975,2973.400123
4104,Iceland,1975,6454.177152
4106,Italy,1975,4106.993868
4127,Liechtenstein,1975,10513.20529
4133,Lithuania,1975,
4134,Luxembourg,1975,8701.304731
4135,Latvia,1975,
4139,Monaco,1975,28247.54967
4140,Moldova,1975,
4147,North Macedonia,1975,
4149,Malta,1975,1560.112154
4152,Montenegro,1975,
4166,Netherlands,1975,7335.508997
4167,Norway,1975,8204.451512
4180,Poland,1975,
4184,Portugal,1975,2127.637507
4191,Romania,1975,
4202,San Marino,1975,
4204,Serbia,1975,
4212,Slovenia,1975,
4213,Sweden,1975,10117.30668
4238,Ukraine,1975,
4261,Albania,1976,
4262,Andorra,1976,7151.249909
4270,Austria,1976,5678.386658
4273,Belgium,1976,7243.047341
4277,Bulgaria,1976,
4280,Bosnia and Herzegovina,1976,
4281,Belarus,1976,
4293,Switzerland,1976,
4310,Czech Republic,1976,
4311,Germany,1976,6634.856899
4314,Denmark,1976,8787.589722
4326,Spain,1976,3279.312671
4327,Estonia,1976,
4331,Finland,1976,6739.690713
4333,France,1976,6866.816892
4337,United Kingdom,1976,4138.167788
4345,Greece,1976,3390.544976
4355,Croatia,1976,
4357,Hungary,1976,
4367,Ireland,1976,2919.583087
4370,Iceland,1976,7583.275298
4372,Italy,1976,4033.099354
4393,Liechtenstein,1976,11385.6967
4399,Lithuania,1976,
4400,Luxembourg,1976,9490.690312
4401,Latvia,1976,
4405,Monaco,1976,28810.87301
4406,Moldova,1976,
4413,North Macedonia,1976,
4415,Malta,1976,1726.559448
4418,Montenegro,1976,
4432,Netherlands,1976,7925.688062
4433,Norway,1976,8927.201627
4446,Poland,1976,
4450,Portugal,1976,2173.283934
4457,Romania,1976,
4468,San Marino,1976,
4470,Serbia,1976,
4478,Slovenia,1976,
4479,Sweden,1976,10868.27577
4504,Ukraine,1976,
4527,Albania,1977,
4528,Andorra,1977,7751.843307
4536,Austria,1977,6810.627685
4539,Belgium,1977,8426.946959
4543,Bulgaria,1977,
4546,Bosnia and Herzegovina,1977,
4547,Belarus,1977,
4559,Switzerland,1977,
4576,Czech Republic,1977,
4577,Germany,1977,7682.953775
4580,Denmark,1977,9783.852022
4592,Spain,1977,3627.590663
4593,Estonia,1977,
4597,Finland,1977,7069.105738
4599,France,1977,7532.52696
4603,United Kingdom,1977,4681.439932
4611,Greece,1977,3886.374451
4621,Croatia,1977,
4623,Hungary,1977,
4633,Ireland,1977,3427.073436
4636,Iceland,1977,9957.254434
4638,Italy,1977,4603.599701
4659,Liechtenstein,1977,12412.42797
4665,Lithuania,1977,
4666,Luxembourg,1977,10486.33579
4667,Latvia,1977,
4671,Monaco,1977,31430.43382
4672,Moldova,1977,
4679,North Macedonia,1977,
4681,Malta,1977,2037.897337
4684,Montenegro,1977,
4698,Netherlands,1977,9166.808195
4699,Norway,1977,10266.12067
4712,Poland,1977,
4716,Portugal,1977,2267.371003
4723,Romania,1977,
4734,San Marino,1977,
4736,Serbia,1977,
4744,Slovenia,1977,
4745,Sweden,1977,11448.61939
4770,Ukraine,1977,
4793,Albania,1978,
4794,Andorra,1978,9127.81228
4802,Austria,1978,8205.468977
4805,Belgium,1978,10289.76842
4809,Bulgaria,1978,
4812,Bosnia and Herzegovina,1978,
4813,Belarus,1978,
4825,Switzerland,1978,
4842,Czech Republic,1978,
4843,Germany,1978,9482.04285
4846,Denmark,1978,11826.01861
4858,Spain,1978,4356.43922
4859,Estonia,1978,
4863,Finland,1978,7628.815714
4865,France,1978,9264.775293
4869,United Kingdom,1978,5976.938169
4877,Greece,1978,4694.633782
4887,Croatia,1978,
4889,Hungary,1978,
4899,Ireland,1978,4399.986805
4902,Iceland,1978,11236.73574
4904,Italy,1978,5610.498099
4925,Liechtenstein,1978,17499.12595
4931,Lithuania,1978,
4932,Luxembourg,1978,13034.38821
4933,Latvia,1978,
4937,Monaco,1978,38349.39576
4938,Moldova,1978,
4945,North Macedonia,1978,
4947,Malta,1978,2558.740255
4950,Montenegro,1978,
4964,Netherlands,1978,11179.38956
4965,Norway,1978,11462.64159
4978,Poland,1978,
4982,Portugal,1978,2457.313216
4989,Romania,1978,
5000,San Marino,1978,
5002,Serbia,1978,
5010,Slovenia,1978,
5011,Sweden,1978,12620.51861
5036,Ukraine,1978,
5059,Albania,1979,
5060,Andorra,1979,11818.47334
5068,Austria,1979,9793.765348
5071,Belgium,1979,11810.61588
5075,Bulgaria,1979,
5078,Bosnia and Herzegovina,1979,
5079,Belarus,1979,
5091,Switzerland,1979,
5108,Czech Republic,1979,
5109,Germany,1979,11281.02332
5112,Denmark,1979,13751.99895
5124,Spain,1979,5770.214614
5125,Estonia,1979,
5129,Finland,1979,9332.245264
5131,France,1979,11179.6329
5135,United Kingdom,1979,7804.762081
5143,Greece,1979,5705.949371
5153,Croatia,1979,
5155,Hungary,1979,
5165,Ireland,1979,5429.962001
5168,Iceland,1979,12640.64081
5170,Italy,1979,6990.285807
5191,Liechtenstein,1979,19761.24848
5197,Lithuania,1979,
5198,Luxembourg,1979,15204.33082
5199,Latvia,1979,
5203,Monaco,1979,45845.10983
5204,Moldova,1979,
5211,North Macedonia,1979,
5213,Malta,1979,3195.552586
5216,Montenegro,1979,
5230,Netherlands,1979,12798.54325
5231,Norway,1979,13046.53722
5244,Poland,1979,
5248,Portugal,1979,2755.624618
5255,Romania,1979,
5266,San Marino,1979,
5268,Serbia,1979,
5276,Slovenia,1979,
5277,Sweden,1979,14877.16429
5302,Ukraine,1979,
5325,Albania,1980,
5326,Andorra,1980,12378.78451
5334,Austria,1980,10869.54649
5337,Belgium,1980,12864.00257
5341,Bulgaria,1980,2238.802958
5344,Bosnia and Herzegovina,1980,
5345,Belarus,1980,
5357,Switzerland,1980,19410.18935
5374,Czech Republic,1980,
5375,Germany,1980,12138.3081
5378,Denmark,1980,13883.88714
5390,Spain,1980,6208.578019
5391,Estonia,1980,
5395,Finland,1980,11223.93756
5397,France,1980,12713.36517
5401,United Kingdom,1980,10032.06208
5409,Greece,1980,5893.661893
5419,Croatia,1980,
5421,Hungary,1980,
5431,Ireland,1980,6372.437775
5434,Iceland,1980,14821.81509
5436,Italy,1980,8456.918974
5457,Liechtenstein,1980,20660.0176
5463,Lithuania,1980,
5464,Luxembourg,1980,16531.1149
5465,Latvia,1980,
5469,Monaco,1980,51515.06413
5470,Moldova,1980,
5477,North Macedonia,1980,
5479,Malta,1980,3948.403126
5482,Montenegro,1980,
5496,Netherlands,1980,13791.86226
5497,Norway,1980,15772.24091
5510,Poland,1980,
5514,Portugal,1980,3368.366669
5521,Romania,1980,
5532,San Marino,1980,
5534,Serbia,1980,
5542,Slovenia,1980,
5543,Sweden,1980,17097.83265
5568,Ukraine,1980,
5591,Albania,1981,
5592,Andorra,1981,10372.78605
5600,Austria,1981,9385.249064
5603,Belgium,1981,10622.80248
5607,Bulgaria,1981,2234.814816
5610,Bosnia and Herzegovina,1981,
5611,Belarus,1981,
5623,Switzerland,1981,17679.86887
5640,Czech Republic,1981,
5641,Germany,1981,10209.07312
5644,Denmark,1981,12081.80105
5656,Spain,1981,5371.166436
5657,Estonia,1981,
5661,Finland,1981,10926.81797
5663,France,1981,11104.98134
5667,United Kingdom,1981,9599.306222
5675,Greece,1981,5380.26762
5685,Croatia,1981,
5687,Hungary,1981,
5697,Ireland,1981,5986.154109
5700,Iceland,1981,15137.25384
5702,Italy,1981,7622.833328
5723,Liechtenstein,1981,19507.36553
5729,Lithuania,1981,
5730,Luxembourg,1981,13837.12998
5731,Latvia,1981,
5735,Monaco,1981,44369.56135
5736,Moldova,1981,
5743,North Macedonia,1981,
5745,Malta,1981,3898.243037
5748,Montenegro,1981,
5762,Netherlands,1981,11520.44787
5763,Norway,1981,15512.5067
5776,Poland,1981,
5780,Portugal,1981,3245.975214
5787,Romania,1981,
5798,San Marino,1981,
5800,Serbia,1981,
5808,Slovenia,1981,
5809,Sweden,1981,15586.43008
5834,Ukraine,1981,
5857,Albania,1982,
5858,Andorra,1982,9610.020616
5866,Austria,1982,9410.347257
5869,Belgium,1982,9343.8611
5873,Bulgaria,1982,2169.004011
5876,Bosnia and Herzegovina,1982,
5877,Belarus,1982,
5889,Switzerland,1982,18015.10596
5906,Czech Republic,1982,
5907,Germany,1982,9913.737642
5910,Denmark,1982,11804.43289
5922,Spain,1982,5159.708645
5923,Estonia,1982,
5927,Finland,1982,10938.12206
5929,France,1982,10496.92855
5933,United Kingdom,1982,9146.077357
5941,Greece,1982,5579.234615
5951,Croatia,1982,
5953,Hungary,1982,
5963,Ireland,1982,6160.638293
5966,Iceland,1982,13711.73627
5968,Italy,1982,7556.523437
5989,Liechtenstein,1982,19677.01849
5995,Lithuania,1982,
5996,Luxembourg,1982,12590.9768
5997,Latvia,1982,
6001,Monaco,1982,41371.87681
6002,Moldova,1982,
6009,North Macedonia,1982,
6011,Malta,1982,3788.050632
6014,Montenegro,1982,
6028,Netherlands,1982,11072.65845
6029,Norway,1982,15224.89391
6042,Poland,1982,
6046,Portugal,1982,3079.949566
6053,Romania,1982,
6064,San Marino,1982,
6066,Serbia,1982,
6074,Slovenia,1982,
6075,Sweden,1982,13738.9723
6100,Ukraine,1982,
6123,Albania,1983,
6124,Andorra,1983,8025.207641
6132,Austria,1983,9537.40742
6135,Belgium,1983,8846.234298
6139,Bulgaria,1983,1852.813434
6142,Bosnia and Herzegovina,1983,
6143,Belarus,1983,
6155,Switzerland,1983,17874.25065
6172,Czech Republic,1983,
6173,Germany,1983,9864.34494
6176,Denmark,1983,11857.89214
6188,Spain,1983,4478.500286
6189,Estonia,1983,
6193,Finland,1983,10497.48
6195,France,1983,9993.421182
6199,United Kingdom,1983,8691.518813
6207,Greece,1983,5019.878771
6217,Croatia,1983,
6219,Hungary,1983,
6229,Ireland,1983,5915.241772
6232,Iceland,1983,11671.80923
6234,Italy,1983,7832.575387
6255,Liechtenstein,1983,19560.81037
6261,Lithuania,1983,
6262,Luxembourg,1983,12374.03042
6263,Latvia,1983,
6267,Monaco,1983,38893.30323
6268,Moldova,1983,
6275,North Macedonia,1983,
6277,Malta,1983,3527.04
6280,Montenegro,1983,
6294,Netherlands,1983,10680.35904
6295,Norway,1983,14927.51748
6308,Poland,1983,
6312,Portugal,1983,2735.491066
6319,Romania,1983,
6330,San Marino,1983,
6332,Serbia,1983,
6340,Slovenia,1983,
6341,Sweden,1983,12608.22915
6366,Ukraine,1983,
6389,Albania,1984,639.4847358
6390,Andorra,1984,7728.906695
6398,Austria,1984,8991.06504
6401,Belgium,1984,8457.268803
6405,Bulgaria,1984,1963.572676
6408,Bosnia and Herzegovina,1984,
6409,Belarus,1984,
6421,Switzerland,1984,17005.53424
6438,Czech Republic,1984,
6439,Germany,1984,9313.169412
6442,Denmark,1984,11562.91908
6454,Spain,1984,4489.988939
6455,Estonia,1984,
6459,Finland,1984,10833.86629
6461,France,1984,9419.696143
6465,United Kingdom,1984,8179.194441
6473,Greece,1984,4852.565667
6483,Croatia,1984,
6485,Hungary,1984,
6495,Ireland,1984,5692.027386
6498,Iceland,1984,11959.54001
6500,Italy,1984,7739.715284
6521,Liechtenstein,1984,18596.17269
6527,Lithuania,1984,
6528,Luxembourg,1984,12126.9392
6529,Latvia,1984,
6533,Monaco,1984,36382.97346
6534,Moldova,1984,
6541,North Macedonia,1984,
6543,Malta,1984,3332.885357
6546,Montenegro,1984,
6560,Netherlands,1984,9977.160217
6561,Norway,1984,14989.48577
6574,Poland,1984,
6578,Portugal,1984,2522.747476
6585,Romania,1984,
6596,San Marino,1984,
6598,Serbia,1984,
6606,Slovenia,1984,
6607,Sweden,1984,13099.02083
6632,Ukraine,1984,
6655,Albania,1985,639.8659094
6656,Andorra,1985,7775.614217
6664,Austria,1985,9172.09676
6667,Belgium,1985,8750.818513
6671,Bulgaria,1985,1914.550647
6674,Bosnia and Herzegovina,1985,
6675,Belarus,1985,
6687,Switzerland,1985,17166.5185
6704,Czech Republic,1985,
6705,Germany,1985,9429.569217
6708,Denmark,1985,12253.10021
6720,Spain,1985,4699.655764
6721,Estonia,1985,
6725,Finland,1985,11398.10595
6727,France,1985,9763.327404
6731,United Kingdom,1985,8652.216542
6739,Greece,1985,4813.711205
6749,Croatia,1985,
6751,Hungary,1985,
6761,Ireland,1985,6011.735546
6764,Iceland,1985,12361.18704
6766,Italy,1985,7990.686566
6787,Liechtenstein,1985,19390.12664
6793,Lithuania,1985,
6794,Luxembourg,1985,12481.96584
6795,Latvia,1985,
6799,Monaco,1985,37552.05564
6800,Moldova,1985,
6807,North Macedonia,1985,
6809,Malta,1985,3322.421283
6812,Montenegro,1985,
6826,Netherlands,1985,9926.129971
6827,Norway,1985,15753.55277
6840,Poland,1985,
6844,Portugal,1985,2705.193002
6851,Romania,1985,
6862,San Marino,1985,
6864,Serbia,1985,
6872,Slovenia,1985,
6873,Sweden,1985,13666.85775
6898,Ukraine,1985,
6921,Albania,1986,693.8734746
6922,Andorra,1986,10361.14777
6930,Austria,1986,13083.07266
6933,Belgium,1986,12170.0407
6937,Bulgaria,1986,2260.427281
6940,Bosnia and Herzegovina,1986,
6941,Belarus,1986,
6953,Switzerland,1986,24480.42256
6970,Czech Republic,1986,
6971,Germany,1986,13461.831
6974,Denmark,1986,17201.08881
6986,Spain,1986,6513.503286
6987,Estonia,1986,
6991,Finland,1986,14951.04679
6993,France,1986,13540.24637
6997,United Kingdom,1986,10611.11221
7005,Greece,1986,5656.505332
7015,Croatia,1986,
7017,Hungary,1986,
7027,Ireland,1986,8112.171363
7030,Iceland,1986,16406.04795
7032,Italy,1986,11315.01518
7053,Liechtenstein,1986,28287.06328
7059,Lithuania,1986,
7060,Luxembourg,1986,18149.86925
7061,Latvia,1986,
7065,Monaco,1986,52158.67774
7066,Moldova,1986,
7073,North Macedonia,1986,
7075,Malta,1986,4194.653939
7078,Montenegro,1986,
7092,Netherlands,1986,13783.85011
7093,Norway,1986,18883.2658
7106,Poland,1986,
7110,Portugal,1986,3861.948433
7117,Romania,1986,
7128,San Marino,1986,
7130,Serbia,1986,
7138,Slovenia,1986,
7139,Sweden,1986,17981.01941
7164,Ukraine,1986,
7187,Albania,1987,674.7933831
7188,Andorra,1987,12615.12618
7196,Austria,1987,16392.76952
7199,Belgium,1987,15135.85231
7203,Bulgaria,1987,3132.30136
7206,Bosnia and Herzegovina,1987,
7207,Belarus,1987,
7219,Switzerland,1987,30466.10902
7236,Czech Republic,1987,
7237,Germany,1987,16677.51079
7240,Denmark,1987,21340.72786
7252,Spain,1987,8239.613802
7253,Estonia,1987,
7257,Finland,1987,18571.05993
7259,France,1987,16302.44738
7263,United Kingdom,1987,13118.58653
7271,Greece,1987,6564.884427
7281,Croatia,1987,
7283,Hungary,1987,
7293,Ireland,1987,9581.913086
7296,Iceland,1987,22453.18823
7298,Italy,1987,14234.72864
7319,Liechtenstein,1987,37824.44216
7325,Lithuania,1987,
7326,Luxembourg,1987,22443.43146
7327,Latvia,1987,
7331,Monaco,1987,63077.77457
7332,Moldova,1987,
7339,North Macedonia,1987,
7341,Malta,1987,5083.669139
7344,Montenegro,1987,
7358,Netherlands,1987,16709.55968
7359,Norway,1987,22505.89771
7372,Poland,1987,
7376,Portugal,1987,4803.866095
7383,Romania,1987,1673.838364
7394,San Marino,1987,
7396,Serbia,1987,
7404,Slovenia,1987,
7405,Sweden,1987,21792.55891
7430,Ukraine,1987,1249.443237
7453,Albania,1988,652.7743214
7454,Andorra,1988,14304.6406
7462,Austria,1988,17578.61894
7465,Belgium,1988,16391.09383
7469,Bulgaria,1988,2511.393063
7472,Bosnia and Herzegovina,1988,
7473,Belarus,1988,
7485,Switzerland,1988,32717.92045
7502,Czech Republic,1988,
7503,Germany,1988,17931.28232
7506,Denmark,1988,22527.04673
7518,Spain,1988,9703.123838
7519,Estonia,1988,
7523,Finland,1988,22047.79332
7525,France,1988,17679.99669
7529,United Kingdom,1988,15987.16808
7537,Greece,1988,7598.028005
7547,Croatia,1988,
7549,Hungary,1988,
7559,Ireland,1988,10715.87028
7562,Iceland,1988,24451.97332
7564,Italy,1988,15744.66126
7585,Liechtenstein,1988,41292.25772
7591,Lithuania,1988,
7592,Luxembourg,1988,25219.35428
7593,Latvia,1988,
7597,Monaco,1988,68441.25161
7598,Moldova,1988,
7605,North Macedonia,1988,
7607,Malta,1988,5814.364771
7610,Montenegro,1988,
7624,Netherlands,1988,17744.50138
7625,Norway,1988,24207.28147
7638,Poland,1988,
7642,Portugal,1988,5623.697
7649,Romania,1988,1769.889931
7660,San Marino,1988,
7662,Serbia,1988,
7670,Slovenia,1988,
7671,Sweden,1988,24534.69382
7696,Ukraine,1988,1449.962524
7719,Albania,1989,697.9955966
7720,Andorra,1989,15165.28126
7728,Austria,1989,17468.94614
7731,Belgium,1989,16525.06174
7735,Bulgaria,1989,2477.020818
7738,Bosnia and Herzegovina,1989,
7739,Belarus,1989,
7751,Switzerland,1989,31334.97908
7768,Czech Republic,1989,
7769,Germany,1989,17764.37645
7772,Denmark,1989,21901.05475
7784,Spain,1989,10681.9712
7785,Estonia,1989,
7789,Finland,1989,23973.23948
7791,France,1989,17694.30932
7795,United Kingdom,1989,16239.2822
7803,Greece,1989,7846.678122
7813,Croatia,1989,
7815,Hungary,1989,
7825,Ireland,1989,11175.8166
7828,Iceland,1989,22434.34677
7830,Italy,1989,16386.66221
7851,Liechtenstein,1989,39368.72709
7857,Lithuania,1989,
7858,Luxembourg,1989,26618.06958
7859,Latvia,1989,
7863,Monaco,1989,68583.60405
7864,Moldova,1989,
7871,North Macedonia,1989,
7873,Malta,1989,6040.609862
7876,Montenegro,1989,
7890,Netherlands,1989,17397.69168
7891,Norway,1989,24281.09614
7904,Poland,1989,
7908,Portugal,1989,6056.381028
7915,Romania,1989,1817.902101
7926,San Marino,1989,
7928,Serbia,1989,
7936,Slovenia,1989,
7937,Sweden,1989,25662.22059
7962,Ukraine,1989,1597.534668
7985,Albania,1990,617.2304355
7986,Andorra,1990,18878.85231
7994,Austria,1990,21680.98962
7997,Belgium,1990,20600.37528
8001,Bulgaria,1990,2366.529821
8004,Bosnia and Herzegovina,1990,
8005,Belarus,1990,2124.767944
8017,Switzerland,1990,39607.81909
8034,Czech Republic,1990,3941.503094
8035,Germany,1990,22303.96133
8038,Denmark,1990,26891.44645
8050,Spain,1990,13804.87679
8051,Estonia,1990,
8055,Finland,1990,28364.64508
8057,France,1990,21793.83554
8061,United Kingdom,1990,19095.467
8069,Greece,1990,9600.185235
8079,Croatia,1990,
8081,Hungary,1990,
8091,Ireland,1990,14031.30257
8094,Iceland,1990,25384.91502
8096,Italy,1990,20825.78422
8117,Liechtenstein,1990,49373.61027
8123,Lithuania,1990,
8124,Luxembourg,1990,33465.47821
8125,Latvia,1990,
8129,Monaco,1990,84303.87843
8130,Moldova,1990,
8137,North Macedonia,1990,2354.275256
8139,Malta,1990,7191.923603
8142,Montenegro,1990,
8156,Netherlands,1990,21290.86038
8157,Norway,1990,28242.94374
8170,Poland,1990,1731.209531
8174,Portugal,1990,7884.617988
8181,Romania,1990,1680.705623
8192,San Marino,1990,
8194,Serbia,1990,
8202,Slovenia,1990,
8203,Sweden,1990,30593.67244
8228,Ukraine,1990,1568.536621
8251,Albania,1991,336.5869945
8252,Andorra,1991,19534.26363
8260,Austria,1991,22410.91177
8263,Belgium,1991,21041.66065
8267,Bulgaria,1991,1267.734375
8270,Bosnia and Herzegovina,1991,
8271,Belarus,1991,1765.735895
8283,Switzerland,1991,39577.74875
8300,Czech Republic,1991,2896.609131
8301,Germany,1991,23357.75773
8304,Denmark,1991,27011.37746
8316,Spain,1991,14811.90282
8317,Estonia,1991,
8321,Finland,1991,25484.73929
8323,France,1991,21675.06499
8327,United Kingdom,1991,19900.72665
8335,Greece,1991,10188.36978
8345,Croatia,1991,
8347,Hungary,1991,3350.258323
8357,Ireland,1991,14087.20744
8360,Iceland,1991,26802.98952
8362,Italy,1991,21956.52977
8383,Liechtenstein,1991,50886.37531
8389,Lithuania,1991,
8390,Luxembourg,1991,35747.3378
8391,Latvia,1991,
8395,Monaco,1991,83721.99142
8396,Moldova,1991,
8403,North Macedonia,1991,2477.683038
8405,Malta,1991,7558.277383
8408,Montenegro,1991,
8422,Netherlands,1991,21732.23076
8423,Norway,1991,28596.933
8436,Poland,1991,2235.541089
8440,Portugal,1991,8958.985333
8447,Romania,1991,1260.749045
8458,San Marino,1991,
8460,Serbia,1991,
8468,Slovenia,1991,
8469,Sweden,1991,31822.80385
8494,Ukraine,1991,1487.499756
8517,Albania,1992,200.8522198
8518,Andorra,1992,20549.80558
8526,Austria,1992,24880.16412
8529,Belgium,1992,23372.61917
8533,Bulgaria,1992,1211.980878
8536,Bosnia and Herzegovina,1992,
8537,Belarus,1992,1667.605057
8549,Switzerland,1992,40747.92546
8566,Czech Republic,1992,3372.86543
8567,Germany,1992,26438.23039
8570,Denmark,1992,29569.66036
8582,Spain,1992,16112.18892
8583,Estonia,1992,
8587,Finland,1992,22319.05946
8589,France,1992,23813.71225
8593,United Kingdom,1992,20487.17079
8601,Greece,1992,11176.45842
8611,Croatia,1992,
8613,Hungary,1992,3735.10582
8623,Ireland,1992,15714.38475
8626,Iceland,1992,27124.27454
8628,Italy,1992,23243.47453
8649,Liechtenstein,1992,55197.54701
8655,Lithuania,1992,
8656,Luxembourg,1992,39570.86157
8657,Latvia,1992,
8661,Monaco,1992,91670.60401
8662,Moldova,1992,
8669,North Macedonia,1992,1225.373149
8671,Malta,1992,8220.245518
8674,Montenegro,1992,
8688,Netherlands,1992,23904.03742
8689,Norway,1992,30523.98506
8702,Poland,1992,2459.020685
8706,Portugal,1992,10810.56651
8713,Romania,1992,1102.103785
8724,San Marino,1992,
8726,Serbia,1992,
8734,Slovenia,1992,
8735,Sweden,1992,32800.98269
8760,Ukraine,1992,1417.935547
8783,Albania,1993,367.2792251
8784,Andorra,1993,16515.6584
8792,Austria,1993,24081.52779
8795,Belgium,1993,22283.93602
8799,Bulgaria,1993,1278.247173
8802,Bosnia and Herzegovina,1993,
8803,Belarus,1993,1590.088117
8815,Switzerland,1993,39270.11413
8832,Czech Republic,1993,3956.17835
8833,Germany,1993,25522.62957
8836,Denmark,1993,27597.97523
8848,Spain,1993,13339.90856
8849,Estonia,1993,
8853,Finland,1993,17608.81239
8855,France,1993,22380.10775
8859,United Kingdom,1993,18389.01957
8867,Greece,1993,10401.98301
8877,Croatia,1993,
8879,Hungary,1993,3873.987723
8889,Ireland,1993,14657.06155
8892,Iceland,1993,23579.79536
8894,Italy,1993,18738.7639
8915,Liechtenstein,1993,55794.32733
8921,Lithuania,1993,
8922,Luxembourg,1993,40066.72425
8923,Latvia,1993,
8927,Monaco,1993,85397.32656
8928,Moldova,1993,
8935,North Macedonia,1993,1352.028452
8937,Malta,1993,7296.310144
8940,Montenegro,1993,
8954,Netherlands,1993,23122.41077
8955,Norway,1993,27963.66522
8968,Poland,1993,2497.195241
8972,Portugal,1993,9534.656364
8979,Romania,1993,1158.132516
8990,San Marino,1993,
8992,Serbia,1993,
9000,Slovenia,1993,
9001,Sweden,1993,24425.28493
9026,Ukraine,1993,1257.350098
9049,Albania,1994,586.4163396
9050,Andorra,1994,16235.06804
9058,Austria,1994,25646.70066
9061,Belgium,1994,24208.55479
9065,Bulgaria,1994,1148.494399
9068,Bosnia and Herzegovina,1994,319.012792
9069,Belarus,1994,1460.0655
9081,Switzerland,1994,43128.01411
9098,Czech Republic,1994,4630.551217
9099,Germany,1994,27076.60675
9102,Denmark,1994,29995.57962
9114,Spain,1994,13415.287
9115,Estonia,1994,
9119,Finland,1994,20301.33309
9121,France,1994,23496.52015
9125,United Kingdom,1994,19709.2381
9133,Greece,1994,11091.28385
9143,Croatia,1994,
9145,Hungary,1994,4173.373024
9155,Ireland,1994,15902.92968
9158,Iceland,1994,24018.6314
9160,Italy,1994,19337.6309
9181,Liechtenstein,1994,64051.23221
9187,Lithuania,1994,
9188,Luxembourg,1994,43933.23544
9189,Latvia,1994,
9193,Monaco,1994,89378.03979
9194,Moldova,1994,
9201,North Macedonia,1994,1796.227426
9203,Malta,1994,8000.518005
9206,Montenegro,1994,
9220,Netherlands,1994,24646.31431
9221,Norway,1994,29315.84191
9234,Poland,1994,2874.825311
9238,Portugal,1994,9977.319909
9245,Romania,1994,1323.104325
9256,San Marino,1994,
9258,Serbia,1994,
9266,Slovenia,1994,
9267,Sweden,1994,26083.61439
9292,Ukraine,1994,1011.97937
9315,Albania,1995,750.6044492
9316,Andorra,1995,18458.17399
9324,Austria,1995,30325.84958
9327,Belgium,1995,28413.82644
9331,Bulgaria,1995,2258.286018
9334,Bosnia and Herzegovina,1995,487.4769045
9335,Belarus,1995,1370.699283
9347,Switzerland,1995,50155.97413
9364,Czech Republic,1995,5824.121291
9365,Germany,1995,31658.34938
9368,Denmark,1995,35351.36546
9380,Spain,1995,15471.96272
9381,Estonia,1995,3134.389753
9385,Finland,1995,26271.59981
9387,France,1995,26890.21762
9391,United Kingdom,1995,23206.56856
9399,Greece,1995,12959.32429
9409,Croatia,1995,4917.085371
9411,Hungary,1995,4494.707624
9421,Ireland,1995,19158.45648
9424,Iceland,1995,26633.59138
9426,Italy,1995,20664.55227
9447,Liechtenstein,1995,78631.69911
9453,Lithuania,1995,2167.792582
9454,Luxembourg,1995,51032.34964
9455,Latvia,1995,2329.576733
9459,Monaco,1995,101866.6041
9460,Moldova,1995,593.7661383
9467,North Macedonia,1995,2373.384463
9469,Malta,1995,9857.480771
9472,Montenegro,1995,
9486,Netherlands,1995,29258.13435
9487,Norway,1995,34875.70433
9500,Poland,1995,3686.8193
9504,Portugal,1995,11781.36185
9511,Romania,1995,1650.276481
9522,San Marino,1995,
9524,Serbia,1995,2207.450598
9532,Slovenia,1995,10730.45101
9533,Sweden,1995,30282.96392
9558,Ukraine,1995,935.9761353
9581,Albania,1996,1009.977275
9582,Andorra,1996,19016.28819
9590,Austria,1996,29809.07677
9593,Belgium,1996,27489.55518
9597,Bulgaria,1996,1470.103703
9600,Bosnia and Herzegovina,1996,740.0996865
9601,Belarus,1996,1452.507105
9613,Switzerland,1996,48144.57913
9630,Czech Republic,1996,6532.837055
9631,Germany,1996,30485.86655
9634,Denmark,1996,35650.71409
9646,Spain,1996,16109.0844
9647,Estonia,1996,3380.926302
9651,Finland,1996,25783.45049
9653,France,1996,26871.83127
9657,United Kingdom,1996,24438.53117
9665,Greece,1996,13749.11511
9675,Croatia,1996,5283.005005
9677,Hungary,1996,4525.039103
9687,Ireland,1996,20835.89771
9690,Iceland,1996,27614.87703
9692,Italy,1996,23081.60468
9713,Liechtenstein,1996,79863.27908
9719,Lithuania,1996,2327.434857
9720,Luxembourg,1996,50444.35912
9721,Latvia,1996,2431.709
9725,Monaco,1996,101212.0026
9726,Moldova,1996,575.319576
9733,North Macedonia,1996,2333.327982
9735,Malta,1996,10062.73358
9738,Montenegro,1996,
9752,Netherlands,1996,29006.80945
9753,Norway,1996,37321.9742
9766,Poland,1996,4147.465501
9770,Portugal,1996,12185.0914
9777,Romania,1996,1633.010644
9788,San Marino,1996,
9790,Serbia,1996,2864.084727
9798,Slovenia,1996,10815.11105
9799,Sweden,1996,32998.96816
9824,Ukraine,1996,872.6987305
9847,Albania,1997,717.3800477
9848,Andorra,1997,18355.62786
9856,Austria,1997,26705.4786
9859,Belgium,1997,24820.93805
9863,Bulgaria,1997,1361.392386
9866,Bosnia and Herzegovina,1997,982.8018491
9867,Belarus,1997,1396.442019
9879,Switzerland,1997,41631.43886
9896,Czech Republic,1997,6034.488437
9897,Germany,1997,26964.04947
9900,Denmark,1997,32835.93994
9912,Spain,1997,14730.79718
9913,Estonia,1997,3682.952301
9917,Finland,1997,24691.87281
9919,France,1997,24228.94639
9923,United Kingdom,1997,26742.98485
9931,Greece,1997,13427.83251
9941,Croatia,1997,5312.369502
9943,Hungary,1997,4596.182622
9953,Ireland,1997,22551.11391
9956,Iceland,1997,27919.16355
9958,Italy,1997,21829.34582
9979,Liechtenstein,1997,72208.93467
9985,Lithuania,1997,2830.278071
9986,Luxembourg,1997,46641.64088
9987,Latvia,1997,2683.241368
9991,Monaco,1997,90833.29746
9992,Moldova,1997,657.4911903
9999,North Macedonia,1997,1959.560738
10001,Malta,1997,9909.894481
10004,Montenegro,1997,
10018,Netherlands,1997,26700.53713
10019,Norway,1997,36629.0309
10032,Poland,1997,4123.135618
10036,Portugal,1997,11575.50711
10043,Romania,1997,1577.323357
10054,San Marino,1997,
10056,Serbia,1997,3380.041416
10064,Slovenia,1997,10454.96564
10065,Sweden,1997,30312.4876
10090,Ukraine,1997,991.2203979
10113,Albania,1998,813.7893966
10114,Andorra,1998,18895.11066
10122,Austria,1998,27361.87511
10125,Belgium,1998,25338.44329
10129,Bulgaria,1998,1820.405094
10132,Bosnia and Herzegovina,1998,1102.390688
10133,Belarus,1998,1511.325316
10145,Switzerland,1998,42740.12818
10162,Czech Republic,1998,6489.703619
10163,Germany,1998,27289.05936
10166,Denmark,1998,33368.14242
10178,Spain,1998,15394.35146
10179,Estonia,1998,4093.392477
10183,Finland,1998,26009.26949
10185,France,1998,24974.27386
10189,United Kingdom,1998,28269.32251
10197,Greece,1998,13472.13761
10207,Croatia,1998,5691.10952
10209,Hungary,1998,4744.212264
10219,Ireland,1998,24294.85477
10222,Iceland,1998,31030.0536
10224,Italy,1998,22318.1373
10245,Liechtenstein,1998,76757.30022
10251,Lithuania,1998,3166.666533
10252,Luxembourg,1998,47445.38108
10253,Latvia,1998,2973.534843
10257,Monaco,1998,92999.25345
10258,Moldova,1998,578.9097663
10265,North Macedonia,1998,1875.817764
10267,Malta,1998,10409.30845
10270,Montenegro,1998,
10284,Netherlands,1998,27885.80838
10285,Norway,1998,34788.35985
10298,Poland,1998,4518.108226
10302,Portugal,1998,12199.20639
10309,Romania,1998,1852.467309
10320,San Marino,1998,
10322,Serbia,1998,2571.17271
10330,Slovenia,1998,11175.77103
10331,Sweden,1998,30596.5272
10356,Ukraine,1998,835.2509766
10379,Albania,1999,1033.242532
10380,Andorra,1999,19262.30899
10388,Austria,1999,27183.47593
10391,Belgium,1999,25252.80191
10395,Bulgaria,1999,1659.718346
10398,Bosnia and Herzegovina,1999,1251.747595
10399,Belarus,1999,1210.61172
10411,Switzerland,1999,41786.23414
10428,Czech Republic,1999,6337.41912
10429,Germany,1999,26734.94254
10432,Denmark,1999,33440.79481
10444,Spain,1999,15720.6405
10445,Estonia,1999,4140.936602
10449,Finland,1999,26186.19001
10451,France,1999,24681.53701
10455,United Kingdom,1999,28726.85721
10463,Greece,1999,13249.66332
10473,Croatia,1999,5246.935968
10475,Hungary,1999,4793.478522
10485,Ireland,1999,26338.10775
10488,Iceland,1999,32381.62524
10490,Italy,1999,22005.05454
10511,Liechtenstein,1999,81307.06837
10517,Lithuania,1999,3113.17906
10518,Luxembourg,1999,50872.44927
10519,Latvia,1999,3151.577018
10523,Monaco,1999,91283.25659
10524,Moldova,1999,399.6207703
10531,North Macedonia,1999,1915.393753
10533,Malta,1999,10633.60338
10536,Montenegro,1999,
10550,Netherlands,1999,28272.64325
10551,Norway,1999,36371.05095
10564,Poland,1999,4398.081043
10568,Portugal,1999,12475.29177
10575,Romania,1999,1599.889533
10586,San Marino,1999,40864.32547
10588,Serbia,1999,2571.30404
10596,Slovenia,1999,11452.78312
10597,Sweden,1999,30941.07936
10622,Ukraine,1999,635.7644043
10645,Albania,2000,1126.68334
10646,Andorra,2000,21854.2468
10654,Austria,2000,24625.60072
10657,Belgium,2000,23098.88651
10661,Bulgaria,2000,1621.242961
10664,Bosnia and Herzegovina,2000,1484.176057
10665,Belarus,2000,1276.288034
10677,Switzerland,2000,38952.0342
10694,Czech Republic,2000,6029.038193
10695,Germany,2000,23694.76048
10698,Denmark,2000,30743.54768
10710,Spain,2000,14749.68742
10711,Estonia,2000,4070.609024
10715,Finland,2000,24345.91482
10717,France,2000,22419.69482
10721,United Kingdom,2000,28223.06757
10729,Greece,2000,12072.92936
10739,Croatia,2000,4887.713716
10741,Hungary,2000,4624.281657
10751,Ireland,2000,26334.56721
10754,Iceland,2000,32096.37226
10756,Italy,2000,20137.59122
10777,Liechtenstein,2000,74853.93873
10783,Lithuania,2000,3293.229979
10784,Luxembourg,2000,48659.59888
10785,Latvia,2000,3361.640869
10789,Monaco,2000,82365.49236
10790,Moldova,2000,440.6720307
10797,North Macedonia,2000,1861.898065
10799,Malta,2000,10432.32812
10802,Montenegro,2000,1627.072633
10816,Netherlands,2000,26214.49855
10817,Norway,2000,38131.46061
10830,Poland,2000,4501.454067
10834,Portugal,2000,11526.37207
10841,Romania,2000,1659.90764
10852,San Marino,2000,36604.49338
10854,Serbia,2000,914.7857199
10862,Slovenia,2000,10201.30354
10863,Sweden,2000,29624.91267
10888,Ukraine,2000,658.3486328
10911,Albania,2001,1281.659826
10912,Andorra,2001,22970.51221
10920,Austria,2001,24558.76368
10923,Belgium,2001,23015.07126
10927,Bulgaria,2001,1770.913534
10930,Bosnia and Herzegovina,2001,1544.602072
10931,Belarus,2001,1244.373185
10943,Switzerland,2001,39727.84667
10960,Czech Republic,2001,6637.041657
10961,Germany,2001,23628.32721
10964,Denmark,2001,30751.65435
10976,Spain,2001,15369.00116
10977,Estonia,2001,4505.858332
10981,Finland,2001,24967.79252
10983,France,2001,22452.98238
10987,United Kingdom,2001,27806.44882
10995,Greece,2001,12549.03689
11005,Croatia,2001,5412.925136
11007,Hungary,2001,5276.033189
11017,Ireland,2001,28282.40988
11020,Iceland,2001,28897.44394
11022,Italy,2001,20500.9544
11043,Liechtenstein,2001,74287.41337
11049,Lithuania,2001,3525.793632
11050,Luxembourg,2001,48440.14202
11051,Latvia,2001,3578.0019
11055,Monaco,2001,83724.46591
11056,Moldova,2001,507.5576584
11063,North Macedonia,2001,1823.023561
11065,Malta,2001,10402.23337
11068,Montenegro,2001,1909.598702
11082,Netherlands,2001,26896.54811
11083,Norway,2001,38542.7151
11096,Poland,2001,4991.244358
11100,Portugal,2001,11734.76497
11107,Romania,2001,1825.179805
11118,San Marino,2001,38730.80304
11120,Serbia,2001,1727.281196
11128,Slovenia,2001,10479.75963
11129,Sweden,2001,27247.85773
11154,Ukraine,2001,807.8019409
11177,Albania,2002,1425.124219
11178,Andorra,2002,25067.24006
11186,Austria,2002,26527.59309
11189,Belgium,2002,25006.1914
11193,Bulgaria,2002,2092.957694
11196,Bosnia and Herzegovina,2002,1789.857692
11197,Belarus,2002,1479.314583
11209,Switzerland,2002,42578.76314
11226,Czech Republic,2002,8060.868703
11227,Germany,2002,25197.2656
11230,Denmark,2002,33228.69354
11242,Spain,2002,17106.68658
11243,Estonia,2002,5341.628947
11247,Finland,2002,26997.75299
11249,France,2002,24292.58023
11253,United Kingdom,2002,30049.89632
11261,Greece,2002,14177.57216
11271,Croatia,2002,6293.225299
11273,Hungary,2002,6655.333009
11283,Ireland,2002,32705.43456
11286,Iceland,2002,32409.21615
11288,Italy,2002,22376.2979
11309,Liechtenstein,2002,79345.75247
11315,Lithuania,2002,4141.592702
11316,Luxembourg,2002,53005.73392
11317,Latvia,2002,4136.933297
11321,Monaco,2002,90506.85951
11322,Moldova,2002,570.9726454
11329,North Macedonia,2002,1989.135125
11331,Malta,2002,11289.88984
11334,Montenegro,2002,2106.635068
11348,Netherlands,2002,29343.245
11349,Norway,2002,43084.47247
11362,Poland,2002,5207.171421
11366,Portugal,2002,12936.69282
11373,Romania,2002,2119.882673
11384,San Marino,2002,41464.74643
11386,Serbia,2002,2283.846685
11394,Slovenia,2002,11777.15566
11395,Sweden,2002,29899.19525
11420,Ukraine,2002,911.9111328
11443,Albania,2003,1846.120121
11444,Andorra,2003,32272.84589
11452,Austria,2003,32294.04886
11455,Belgium,2003,30655.20927
11459,Bulgaria,2003,2719.497656
11462,Bosnia and Herzegovina,2003,2258.946445
11463,Belarus,2003,1819.766059
11475,Switzerland,2003,49470.39713
11492,Czech Republic,2003,9818.568493
11493,Germany,2003,30310.3576
11496,Denmark,2003,40458.7774
11508,Spain,2003,21510.83625
11509,Estonia,2003,7203.523038
11513,Finland,2003,32927.68029
11515,France,2003,29633.67898
11519,United Kingdom,2003,34487.46757
11527,Greece,2003,18518.37884
11537,Croatia,2003,8129.794584
11539,Hungary,2003,8421.103313
11549,Ireland,2003,41203.52958
11552,Iceland,2003,39476.69785
11554,Italy,2003,27526.32246
11575,Liechtenstein,2003,89859.86537
11581,Lithuania,2003,5499.428989
11582,Luxembourg,2003,65689.32145
11583,Latvia,2003,5145.195232
11587,Monaco,2003,108656.8026
11588,Moldova,2003,682.5255088
11595,North Macedonia,2003,2440.476943
11597,Malta,2003,13669.49712
11600,Montenegro,2003,2789.159065
11614,Netherlands,2003,35750.97466
11615,Norway,2003,50134.89077
11628,Poland,2003,5701.602212
11632,Portugal,2003,15797.78213
11639,Romania,2003,2679.41191
11650,San Marino,2003,51270.12923
11652,Serbia,2003,3005.426352
11660,Slovenia,2003,14849.03724
11661,Sweden,2003,37321.7979
11686,Ukraine,2003,1087.785645
11709,Albania,2004,2373.581292
11710,Andorra,2004,37966.18725
11718,Austria,2004,36889.23351
11721,Belgium,2004,35429.40779
11725,Bulgaria,2004,3389.707049
11728,Bosnia and Herzegovina,2004,2698.46718
11729,Belarus,2004,2378.623286
11741,Switzerland,2004,54878.471
11758,Czech Republic,2004,11749.85266
11759,Germany,2004,34106.65812
11762,Denmark,2004,46511.59833
11774,Spain,2004,24907.00085
11775,Estonia,2004,8914.103557
11779,Finland,2004,37772.17811
11781,France,2004,33803.3096
11785,United Kingdom,2004,40371.71083
11793,Greece,2004,21995.47794
11803,Croatia,2004,9747.440771
11805,Hungary,2004,10303.70419
11815,Ireland,2004,47754.20232
11818,Iceland,2004,47334.93065
11820,Italy,2004,31317.20079
11841,Liechtenstein,2004,100289.243
11847,Lithuania,2004,6700.327192
11848,Luxembourg,2004,76544.91709
11849,Latvia,2004,6378.666521
11853,Monaco,2004,123523.4932
11854,Moldova,2004,897.4499588
11861,North Macedonia,2004,2795.899261
11863,Malta,2004,15197.05671
11866,Montenegro,2004,3380.165121
11880,Netherlands,2004,40436.61823
11881,Norway,2004,57603.83602
11894,Poland,2004,6681.386472
11898,Portugal,2004,18064.15809
11905,Romania,2004,3494.944517
11916,San Marino,2004,59558.77272
11918,Serbia,2004,3502.802924
11926,Slovenia,2004,17233.13856
11927,Sweden,2004,42821.67314
11952,Ukraine,2004,1416.60376
11975,Albania,2005,2673.786584
11976,Andorra,2005,40064.22493
11984,Austria,2005,38417.45779
11987,Belgium,2005,36809.70134
11991,Bulgaria,2005,3899.907638
11994,Bosnia and Herzegovina,2005,2980.601267
11995,Belarus,2005,3125.810535
12007,Switzerland,2005,56546.78566
12024,Czech Republic,2005,13430.6699
12025,Germany,2005,34520.23965
12028,Denmark,2005,48799.8256
12040,Spain,2005,26429.15094
12041,Estonia,2005,10412.64431
12045,Finland,2005,39054.85044
12047,France,2005,34773.15015
12051,United Kingdom,2005,42132.09072
12059,Greece,2005,22560.14729
12069,Croatia,2005,10621.50746
12071,Hungary,2005,11225.93258
12081,Ireland,2005,50933.02161
12084,Iceland,2005,56794.85016
12086,Italy,2005,32055.09208
12107,Liechtenstein,2005,105399.2605
12113,Lithuania,2005,7854.765279
12114,Luxembourg,2005,80988.13762
12115,Latvia,2005,7594.902384
12119,Monaco,2005,124197.2754
12120,Moldova,2005,1034.707058
12127,North Macedonia,2005,3072.678573
12129,Malta,2005,15888.17232
12132,Montenegro,2005,3674.617924
12146,Netherlands,2005,41994.71353
12147,Norway,2005,66810.47852
12160,Poland,2005,8021.505743
12164,Portugal,2005,18780.12751
12171,Romania,2005,4617.929016
12182,San Marino,2005,60900.54329
12184,Serbia,2005,3720.479155
12192,Slovenia,2005,18098.90854
12193,Sweden,2005,43437.06312
12218,Ukraine,2005,1894.470825
12241,Albania,2006,2972.742924
12242,Andorra,2006,42674.75897
12250,Austria,2006,40669.32696
12253,Belgium,2006,38705.1068
12257,Bulgaria,2006,4523.050833
12260,Bosnia and Herzegovina,2006,3416.512376
12261,Belarus,2006,3847.434124
12273,Switzerland,2006,59300.61722
12290,Czech Republic,2006,15261.79759
12291,Germany,2006,36353.88033
12294,Denmark,2006,52026.99951
12306,Spain,2006,28389.07858
12307,Estonia,2006,12639.40007
12311,Finland,2006,41222.602
12313,France,2006,36474.15959
12317,United Kingdom,2006,44654.09692
12325,Greece,2006,24821.93675
12335,Croatia,2006,11797.47447
12337,Hungary,2006,11493.10041
12347,Ireland,2006,54329.16186
12350,Iceland,2006,57492.93425
12352,Italy,2006,33529.7266
12373,Liechtenstein,2006,114374.2465
12379,Lithuania,2006,9230.707981
12380,Luxembourg,2006,90788.80049
12381,Latvia,2006,9723.446902
12385,Monaco,2006,134048.6219
12386,Moldova,2006,1183.379211
12393,North Macedonia,2006,3362.968419
12395,Malta,2006,16723.88418
12398,Montenegro,2006,4425.678873
12412,Netherlands,2006,44900.93814
12413,Norway,2006,74148.32008
12426,Poland,2006,9035.410467
12430,Portugal,2006,19839.45405
12437,Romania,2006,5757.496429
12448,San Marino,2006,64261.03273
12450,Serbia,2006,4382.617279
12458,Slovenia,2006,19672.96556
12459,Sweden,2006,46593.60216
12484,Ukraine,2006,2391.323975
12507,Albania,2007,3595.038057
12508,Andorra,2007,47804.84993
12516,Austria,2007,46915.3374
12519,Belgium,2007,44319.16545
12523,Bulgaria,2007,5885.104348
12526,Bosnia and Herzegovina,2007,4193.368005
12527,Belarus,2007,4735.657608
12539,Switzerland,2007,65359.51922
12556,Czech Republic,2007,18466.54793
12557,Germany,2007,41640.08087
12560,Denmark,2007,58487.05497
12572,Spain,2007,32591.35031
12573,Estonia,2007,16744.58445
12577,Finland,2007,48476.39273
12579,France,2007,41561.20051
12583,United Kingdom,2007,50653.25691
12591,Greece,2007,28863.97329
12601,Croatia,2007,14046.31681
12603,Hungary,2007,13944.97101
12613,Ireland,2007,61396.41746
12616,Iceland,2007,69495.72674
12618,Italy,2007,37870.74751
12639,Liechtenstein,2007,130655.637
12645,Lithuania,2007,12285.44705
12646,Luxembourg,2007,107475.3203
12647,Latvia,2007,14113.52913
12651,Monaco,2007,169966.3069
12652,Moldova,2007,1531.685476
12659,North Macedonia,2007,4079.391954
12661,Malta,2007,19485.87119
12664,Montenegro,2007,5976.394145
12678,Netherlands,2007,51799.20855
12679,Norway,2007,85139.96045
12692,Poland,2007,11254.51739
12696,Portugal,2007,22811.05648
12703,Romania,2007,8360.166321
12714,San Marino,2007,72697.70599
12716,Serbia,2007,5848.476405
12724,Slovenia,2007,23817.88673
12725,Sweden,2007,53700.00534
12750,Ukraine,2007,3197.934326
12773,Albania,2008,4370.539925
12774,Andorra,2008,48719.65877
12782,Austria,2008,51919.98358
12785,Belgium,2008,48303.39796
12789,Bulgaria,2008,7265.735497
12792,Bosnia and Herzegovina,2008,5090.945825
12793,Belarus,2008,6377.369732
12805,Switzerland,2008,74572.23237
12822,Czech Republic,2008,22804.57768
12823,Germany,2008,45612.71062
12826,Denmark,2008,64322.0635
12838,Spain,2008,35510.72223
12839,Estonia,2008,18204.96648
12843,Finland,2008,53772.79424
12845,France,2008,45519.29688
12849,United Kingdom,2008,47549.34863
12857,Greece,2008,32127.98319
12867,Croatia,2008,16416.58681
12869,Hungary,2008,15777.19202
12879,Ireland,2008,61353.10656
12882,Iceland,2008,56943.37045
12884,Italy,2008,40944.91242
12905,Liechtenstein,2008,143264.0594
12911,Lithuania,2008,14944.99665
12912,Luxembourg,2008,120422.1379
12913,Latvia,2008,16467.14369
12917,Monaco,2008,185785.7259
12918,Moldova,2008,2111.201495
12925,North Macedonia,2008,4841.251694
12927,Malta,2008,22205.35681
12930,Montenegro,2008,7367.751909
12944,Netherlands,2008,57879.94376
12945,Norway,2008,96944.09561
12958,Poland,2008,13996.02515
12962,Portugal,2008,24949.04136
12969,Romania,2008,10435.04398
12980,San Marino,2008,78643.55065
12982,Serbia,2008,7101.040141
12990,Slovenia,2008,27595.59997
12991,Sweden,2008,56152.55234
13016,Ukraine,2008,4066.547852
13039,Albania,2009,4114.134899
13040,Andorra,2009,43504.21565
13048,Austria,2009,48153.32402
13051,Belgium,2009,44760.29124
13055,Bulgaria,2009,6988.233325
13058,Bosnia and Herzegovina,2009,4714.693737
13059,Belarus,2009,5352.583912
13071,Switzerland,2009,72083.1677
13088,Czech Republic,2009,19861.69743
13089,Germany,2009,41650.36783
13092,Denmark,2009,58163.27688
13104,Spain,2009,32169.50285
13105,Estonia,2009,14711.73527
13109,Finland,2009,47481.48454
13111,France,2009,41740.24303
13115,United Kingdom,2009,38952.21103
13123,Greece,2009,29828.75602
13133,Croatia,2009,14653.04355
13135,Hungary,2009,13081.79264
13145,Ireland,2009,52133.09062
13148,Iceland,2009,41301.27322
13150,Italy,2009,37226.75719
13171,Liechtenstein,2009,126096.6104
13177,Lithuania,2009,11820.77616
13178,Luxembourg,2009,109419.747
13179,Latvia,2009,12331.92855
13183,Monaco,2009,154775.3808
13184,Moldova,2009,1899.010117
13191,North Macedonia,2009,4584.709832
13193,Malta,2009,21083.27715
13196,Montenegro,2009,6727.107767
13210,Netherlands,2009,52722.21306
13211,Norway,2009,79977.69708
13224,Poland,2009,11526.05589
13228,Portugal,2009,23151.21541
13235,Romania,2009,8548.118672
13246,San Marino,2009,66703.21823
13248,Serbia,2009,6169.114195
13256,Slovenia,2009,24792.12798
13257,Sweden,2009,46946.96027
13282,Ukraine,2009,2639.391602
13305,Albania,2010,4094.348386
13306,Andorra,2010,40849.76128
13314,Austria,2010,46903.76159
13317,Belgium,2010,44184.94635
13321,Bulgaria,2010,6853.002854
13324,Bosnia and Herzegovina,2010,4635.5102
13325,Belarus,2010,6033.686239
13337,Switzerland,2010,77117.12601
13354,Czech Republic,2010,19960.06849
13355,Germany,2010,41572.45595
13358,Denmark,2010,58041.39844
13370,Spain,2010,30532.48051
13371,Estonia,2010,14663.04461
13375,Finland,2010,46505.30318
13377,France,2010,40677.98514
13381,United Kingdom,2010,39688.61497
13389,Greece,2010,26716.64883
13399,Croatia,2010,14067.52312
13401,Hungary,2010,13223.083
13411,Ireland,2010,48655.36616
13414,Iceland,2010,43237.07295
13416,Italy,2010,36035.645
13437,Liechtenstein,2010,141192.5347
13443,Lithuania,2010,11987.50841
13444,Luxembourg,2010,110885.9914
13445,Latvia,2010,11420.994
13449,Monaco,2010,150737.8925
13450,Moldova,2010,2437.537683
13457,North Macedonia,2010,4577.688755
13459,Malta,2010,21799.17426
13462,Montenegro,2010,6688.4824
13476,Netherlands,2010,50999.74512
13477,Norway,2010,87693.79007
13490,Poland,2010,12613.011
13494,Portugal,2010,22520.64231
13501,Romania,2010,8214.076893
13512,San Marino,2010,60254.7763
13514,Serbia,2010,5735.422857
13522,Slovenia,2010,23532.48085
13523,Sweden,2010,52869.04429
13548,Ukraine,2010,3078.429932
13571,Albania,2011,4437.142612
13572,Andorra,2011,43333.97304
13580,Austria,2011,51442.27625
13583,Belgium,2011,47410.56693
13587,Bulgaria,2011,7849.165283
13590,Bosnia and Herzegovina,2011,5092.554725
13591,Belarus,2011,6527.173869
13603,Switzerland,2011,91254.03476
13620,Czech Republic,2011,21871.26608
13621,Germany,2011,46705.8958
13624,Denmark,2011,61753.64713
13636,Spain,2011,31677.90031
13637,Estonia,2011,17487.80478
13641,Finland,2011,51148.93164
13643,France,2011,43848.10605
13647,United Kingdom,2011,42284.88449
13655,Greece,2011,25483.88256
13665,Croatia,2011,14757.18034
13667,Hungary,2011,14240.2575
13677,Ireland,2011,52177.11268
13680,Iceland,2011,47714.59223
13682,Italy,2011,38649.63948
13703,Liechtenstein,2011,158130.4575
13709,Lithuania,2011,14376.94786
13710,Luxembourg,2011,119025.0572
13711,Latvia,2011,13338.96224
13715,Monaco,2011,169016.1961
13716,Moldova,2011,2942.252807
13723,North Macedonia,2011,5098.097583
13725,Malta,2011,23155.55479
13728,Montenegro,2011,7328.932252
13742,Netherlands,2011,54230.3129
13743,Norway,2011,100600.5624
13756,Poland,2011,13879.56099
13760,Portugal,2011,23217.2955
13767,Romania,2011,9099.217539
13778,San Marino,2011,57297.51331
13780,Serbia,2011,6809.159804
13788,Slovenia,2011,25128.01504
13789,Sweden,2011,60755.75955
13814,Ukraine,2011,3704.824951
13837,Albania,2012,4247.630047
13838,Andorra,2012,38684.56653
13846,Austria,2012,48564.91734
13849,Belgium,2012,44670.56068
13853,Bulgaria,2012,7432.478766
13856,Bosnia and Herzegovina,2012,4777.06692
13857,Belarus,2012,6953.132515
13869,Switzerland,2012,86547.67089
13886,Czech Republic,2012,19870.80121
13887,Germany,2012,43855.85447
13890,Denmark,2012,58507.50805
13902,Spain,2012,28322.80925
13903,Estonia,2012,17403.20533
13907,Finland,2012,47708.06128
13909,France,2012,40872.36246
13913,United Kingdom,2012,42686.80005
13921,Greece,2012,21912.99829
13931,Croatia,2012,13401.65662
13933,Hungary,2012,12989.18028
13943,Ireland,2012,49026.02307
13946,Iceland,2012,45995.54788
13948,Italy,2012,35051.52127
13969,Liechtenstein,2012,149010.2249
13975,Lithuania,2012,14367.70942
13976,Luxembourg,2012,112584.6763
13977,Latvia,2012,13847.33794
13981,Monaco,2012,157520.2194
13982,Moldova,2012,3045.730612
13989,North Macedonia,2012,4728.308142
13991,Malta,2012,22527.63676
13994,Montenegro,2012,6586.721279
14008,Netherlands,2012,50070.1416
14009,Norway,2012,101524.1419
14022,Poland,2012,13097.27085
14026,Portugal,2012,20563.7136
14033,Romania,2012,8507.104775
14044,San Marino,2012,49988.46363
14046,Serbia,2012,6015.945228
14054,Slovenia,2012,22641.80512
14055,Sweden,2012,58037.82132
14080,Ukraine,2012,4004.804443
14103,Albania,2013,4413.062005
14104,Andorra,2013,39538.35521
14112,Austria,2013,50731.12725
14115,Belgium,2013,46757.95186
14119,Bulgaria,2013,7681.93462
14122,Bosnia and Herzegovina,2013,5129.663534
14123,Belarus,2013,7998.125239
14135,Switzerland,2013,88109.48675
14152,Czech Republic,2013,20133.16914
14153,Germany,2013,46298.92292
14156,Denmark,2013,61191.1937
14168,Spain,2013,29067.80946
14169,Estonia,2013,19056.00192
14173,Finland,2013,49892.22336
14175,France,2013,42605.04438
14179,United Kingdom,2013,43713.81412
14187,Greece,2013,21787.78776
14197,Croatia,2013,13837.73164
14199,Hungary,2013,13719.95054
14209,Ireland,2013,51533.03457
14212,Iceland,2013,49804.983
14214,Italy,2013,35560.08141
14235,Liechtenstein,2013,173030.2083
14241,Lithuania,2013,15729.65247
14242,Luxembourg,2013,120000.1407
14243,Latvia,2013,15007.49186
14247,Monaco,2013,177673.7454
14248,Moldova,2013,3322.04998
14255,North Macedonia,2013,5241.058345
14257,Malta,2013,24771.07658
14260,Montenegro,2013,7188.862445
14274,Netherlands,2013,52198.89756
14275,Norway,2013,102913.4508
14288,Poland,2013,13696.4663
14292,Portugal,2013,21653.19598
14299,Romania,2013,9547.852151
14310,San Marino,2013,51570.98395
14312,Serbia,2013,6755.073675
14320,Slovenia,2013,23503.28249
14321,Sweden,2013,61126.9432
14346,Ukraine,2013,4187.739746
14369,Albania,2014,4578.633208
14370,Andorra,2014,41302.38214
14378,Austria,2014,51786.37717
14381,Belgium,2014,47764.07151
14385,Bulgaria,2014,7901.785876
14388,Bosnia and Herzegovina,2014,5330.355078
14389,Belarus,2014,8341.399679
14401,Switzerland,2014,89684.70758
14418,Czech Republic,2014,19890.91991
14419,Germany,2014,48023.86998
14422,Denmark,2014,62548.98473
14434,Spain,2014,29500.78943
14435,Estonia,2014,20261.06673
14439,Finland,2014,50327.24029
14441,France,2014,43068.54872
14445,United Kingdom,2014,47787.2413
14453,Greece,2014,21616.71001
14463,Croatia,2014,13762.37286
14465,Hungary,2014,14298.83367
14475,Ireland,2014,55599.8508
14478,Iceland,2014,54576.74481
14480,Italy,2014,35565.72138
14501,Liechtenstein,2014,178864.8519
14507,Lithuania,2014,16551.0182
14508,Luxembourg,2014,123678.7021
14509,Latvia,2014,15742.39134
14513,Monaco,2014,189432.37
14514,Moldova,2014,3328.79433
14521,North Macedonia,2014,5495.735049
14523,Malta,2014,26754.26845
14526,Montenegro,2014,7387.871036
14540,Netherlands,2014,52900.53742
14541,Norway,2014,97019.18275
14554,Poland,2014,14271.30585
14558,Portugal,2014,22103.70097
14565,Romania,2014,10043.67745
14576,San Marino,2014,50817.33082
14578,Serbia,2014,6600.056809
14586,Slovenia,2014,24247.17332
14587,Sweden,2014,60020.36046
14612,Ukraine,2014,3104.643311
14635,Albania,2015,3952.802538
14636,Andorra,2015,35770.91865
14644,Austria,2015,44195.81759
14647,Belgium,2015,41008.29672
14651,Bulgaria,2015,7074.681023
14654,Bosnia and Herzegovina,2015,4729.690054
14655,Belarus,2015,5967.052204
14667,Switzerland,2015,84776.14217
14684,Czech Republic,2015,17829.69832
14685,Germany,2015,41103.25644
14688,Denmark,2015,53254.85637
14700,Spain,2015,25742.36883
14701,Estonia,2015,17402.03761
14705,Finland,2015,42801.90812
14707,France,2015,36652.92231
14711,United Kingdom,2015,45404.56777
14719,Greece,2015,18083.87791
14729,Croatia,2015,11933.37738
14731,Hungary,2015,12720.71202
14741,Ireland,2015,62012.48493
14744,Iceland,2015,52951.68151
14746,Italy,2015,30242.38614
14767,Liechtenstein,2015,167313.2663
14773,Lithuania,2015,14263.96458
14774,Luxembourg,2015,105462.0126
14775,Latvia,2015,13786.4568
14779,Monaco,2015,165989.5051
14780,Moldova,2015,2732.46073
14787,North Macedonia,2015,4861.553971
14789,Malta,2015,24921.60368
14792,Montenegro,2015,6517.189614
14806,Netherlands,2015,45193.40322
14807,Norway,2015,74355.51586
14820,Poland,2015,12578.49547
14824,Portugal,2015,19250.10654
14831,Romania,2015,8969.148921
14842,San Marino,2015,42662.90241
14844,Serbia,2015,5588.980728
14852,Slovenia,2015,20890.16643
14853,Sweden,2015,51545.48361
14878,Ukraine,2015,2124.662354
14901,Albania,2016,4124.05539
14902,Andorra,2016,37474.74584
14910,Austria,2016,45307.58786
14913,Belgium,2016,42012.62272
14917,Bulgaria,2016,7569.478815
14920,Bosnia and Herzegovina,2016,4994.971623
14921,Belarus,2016,5039.681886
14933,Switzerland,2016,83073.28008
14950,Czech Republic,2016,18575.23203
14951,Germany,2016,42136.12079
14954,Denmark,2016,54663.99837
14966,Spain,2016,26523.34822
14967,Estonia,2016,18295.34293
14971,Finland,2016,43814.02651
14973,France,2016,37062.53357
14977,United Kingdom,2016,41499.5557
14985,Greece,2016,17923.96681
14995,Croatia,2016,12527.73986
14997,Hungary,2016,13107.37791
15007,Ireland,2016,62861.63912
15010,Iceland,2016,61987.92636
15012,Italy,2016,30960.73151
15033,Liechtenstein,2016,165642.3863
15039,Lithuania,2016,15008.31324
15040,Luxembourg,2016,106899.2935
15041,Latvia,2016,14331.75159
15045,Monaco,2016,170028.6557
15046,Moldova,2016,2880.43529
15053,North Macedonia,2016,5149.589074
15055,Malta,2016,25624.53727
15058,Montenegro,2016,7033.438006
15072,Netherlands,2016,46039.10593
15073,Norway,2016,70460.56053
15086,Poland,2016,12447.43959
15090,Portugal,2016,19991.97249
15097,Romania,2016,9548.587403
15108,San Marino,2016,43828.23155
15110,Serbia,2016,5765.200762
15118,Slovenia,2016,21678.35947
15119,Sweden,2016,51965.15715
15144,Ukraine,2016,2187.730469
15167,Albania,2017,4531.019374
15168,Andorra,2017,38964.66201
15176,Austria,2017,47429.15846
15179,Belgium,2017,44198.48239
15183,Bulgaria,2017,8366.293221
15186,Bosnia and Herzegovina,2017,5394.26914
15187,Belarus,2017,5785.670673
15199,Switzerland,2017,83352.08865
15216,Czech Republic,2017,20636.19995
15217,Germany,2017,44652.58917
15220,Denmark,2017,57610.09818
15232,Spain,2017,28170.16786
15233,Estonia,2017,20437.76538
15237,Finland,2017,46412.13648
15239,France,2017,38781.04949
15243,United Kingdom,2017,40857.75558
15251,Greece,2017,18582.08934
15261,Croatia,2017,13629.28959
15263,Hungary,2017,14623.69665
15273,Ireland,2017,69774.02897
15276,Iceland,2017,72010.14903
15278,Italy,2017,32406.72032
15299,Liechtenstein,2017,171253.9643
15305,Lithuania,2017,16885.40739
15306,Luxembourg,2017,110193.2138
15307,Latvia,2017,15695.11515
15311,Monaco,2017,167517.0597
15312,Moldova,2017,3509.686829
15319,North Macedonia,2017,5450.492881
15321,Malta,2017,28857.01987
15324,Montenegro,2017,7803.362579
15338,Netherlands,2017,48675.22234
15339,Norway,2017,75496.75406
15352,Poland,2017,13864.68176
15356,Portugal,2017,21490.42986
15363,Romania,2017,10807.00917
15374,San Marino,2017,45399.02898
15376,Serbia,2017,6292.543629
15384,Slovenia,2017,23514.02546
15385,Sweden,2017,53791.50873
15410,Ukraine,2017,2638.326172
15433,Albania,2018,5287.663694
15434,Andorra,2018,41793.31884
15442,Austria,2018,51486.5755
15445,Belgium,2018,47549.20805
15449,Bulgaria,2018,9446.700772
15452,Bosnia and Herzegovina,2018,6070.35298
15453,Belarus,2018,6360.062473
15465,Switzerland,2018,86388.40495
15482,Czech Republic,2018,23419.73561
15483,Germany,2018,47973.60762
15486,Denmark,2018,61591.92887
15498,Spain,2018,30364.57994
15499,Estonia,2018,23063.56382
15503,Finland,2018,49988.91085
15505,France,2018,41592.7959
15509,United Kingdom,2018,43646.95197
15517,Greece,2018,19756.99046
15527,Croatia,2018,15227.5601
15529,Hungary,2018,16427.37276
15539,Ireland,2018,79107.60499
15542,Iceland,2018,74469.80406
15544,Italy,2018,34622.16967
15565,Liechtenstein,2018,176499.4026
15571,Lithuania,2018,19186.18128
15572,Luxembourg,2018,117254.7404
15573,Latvia,2018,17865.03109
15577,Monaco,2018,185978.6093
15578,Moldova,2018,4230.626969
15585,North Macedonia,2018,6108.740108
15587,Malta,2018,31573.11656
15590,Montenegro,2018,8850.378404
15604,Netherlands,2018,53044.53244
15605,Norway,2018,82267.80932
15618,Poland,2018,15468.48222
15622,Portugal,2018,23562.55452
15629,Romania,2018,12398.98198
15640,San Marino,2018,48996.59299
15642,Serbia,2018,7252.401858
15650,Slovenia,2018,26116.85636
15651,Sweden,2018,54589.06039
15676,Ukraine,2018,3096.561768
15699,Albania,2019,5396.215864
15700,Andorra,2019,40898.41791
15708,Austria,2019,50114.40111
15711,Belgium,2019,46599.11134
15715,Bulgaria,2019,9879.268533
15718,Bosnia and Herzegovina,2019,6119.762351
15719,Belarus,2019,6837.717826
15731,Switzerland,2019,85334.51946
15748,Czech Republic,2019,23660.14881
15749,Germany,2019,46794.89929
15752,Denmark,2019,59775.7351
15764,Spain,2019,29554.49052
15765,Estonia,2019,23397.87826
15769,Finland,2019,48628.64176
15771,France,2019,40578.64429
15775,United Kingdom,2019,43070.49836
15783,Greece,2019,19133.75776
15793,Croatia,2019,15311.7669
15795,Hungary,2019,16735.65978
15805,Ireland,2019,80886.61574
15808,Iceland,2019,68941.46223
15810,Italy,2019,33673.47545
15831,Liechtenstein,2019,169049.1569
15837,Lithuania,2019,19575.76848
15838,Luxembourg,2019,113218.7133
15839,Latvia,2019,17926.84159
15843,Monaco,2019,189487.1471
15844,Moldova,2019,4492.10574
15851,North Macedonia,2019,6070.388054
15853,Malta,2019,31185.64962
15856,Montenegro,2019,8909.890151
15870,Netherlands,2019,52476.27325
15871,Norway,2019,75719.7529
15884,Poland,2019,15732.20313
15888,Portugal,2019,23330.81729
15895,Romania,2019,12899.34611
15906,San Marino,2019,47727.13489
15908,Serbia,2019,7417.203649
15916,Slovenia,2019,25942.95477
15917,Sweden,2019,51939.42974
15942,Ukraine,2019,3661.456299
15965,Albania,2020,5332.160475
15966,Andorra,2020,37416.69772
15974,Austria,2020,48588.65938
15977,Belgium,2020,45189.3669
15981,Bulgaria,2020,10079.20338
15984,Bosnia and Herzegovina,2020,6082.36673
15985,Belarus,2020,6555.426818
15997,Switzerland,2020,87100.41482
16014,Czech Republic,2020,22933.49959
16015,Germany,2020,46252.6893
16018,Denmark,2020,61063.31643
16030,Spain,2020,27056.42175
16031,Estonia,2020,23054.35849
16035,Finland,2020,49160.83715
16037,France,2020,39037.12263
16041,United Kingdom,2020,41098.07865
16049,Greece,2020,17647.23269
16059,Croatia,2020,14132.48656
16061,Hungary,2020,16075.97327
16071,Ireland,2020,85422.54287
16074,Iceland,2020,59264.03409
16076,Italy,2020,31834.97262
16097,Liechtenstein,2020,
16103,Lithuania,2020,20232.30204
16104,Luxembourg,2020,116356.158
16105,Latvia,2020,17703.95344
16109,Monaco,2020,173688.1894
16110,Moldova,2020,4525.759654
16117,North Macedonia,2020,5846.465899
16119,Malta,2020,28946.46268
16122,Montenegro,2020,7694.633759
16136,Netherlands,2020,52396.03221
16137,Norway,2020,67329.67779
16150,Poland,2020,15742.45373
16154,Portugal,2020,22194.56611
16161,Romania,2020,12956.56625
16172,San Marino,2020,45515.7577
16174,Serbia,2020,7730.691746
16182,Slovenia,2020,25489.50023
16183,Sweden,2020,52300.2062
16208,Ukraine,2020,3751.740723
16231,Albania,2021,6494.385713
16232,Andorra,2021,43047.68627
16240,Austria,2021,53267.93275
16243,Belgium,2021,51767.78857
16247,Bulgaria,2021,11634.97102
16250,Bosnia and Herzegovina,2021,6916.438315
16251,Belarus,2021,7303.696266
16263,Switzerland,2021,93457.4404
16280,Czech Republic,2021,26378.49996
16281,Germany,2021,50801.78671
16284,Denmark,2021,67803.0471
16296,Spain,2021,30115.70589
16297,Estonia,2021,27280.65844
16301,Finland,2021,53982.61427
16303,France,2021,43518.53851
16307,United Kingdom,2021,47334.35531
16315,Greece,2021,20276.54467
16325,Croatia,2021,17398.76598
16327,Hungary,2021,18772.67329
16337,Ireland,2021,99152.10257
16340,Iceland,2021,68383.76534
16342,Italy,2021,35551.28499
16363,Liechtenstein,2021,
16369,Lithuania,2021,23433.39091
16370,Luxembourg,2021,135682.7943
16371,Latvia,2021,20642.16792
16375,Monaco,2021,
16376,Moldova,2021,5314.531461
16383,North Macedonia,2021,6720.896285
16385,Malta,2021,33257.42203
16388,Montenegro,2021,9367.016884
16402,Netherlands,2021,58061.00167
16403,Norway,2021,89202.75054
16416,Poland,2021,17840.92105
16420,Portugal,2021,24262.18094
16427,Romania,2021,14861.90917
16438,San Marino,2021,
16440,Serbia,2021,9214.993546
16448,Slovenia,2021,29200.81988
16449,Sweden,2021,60238.98656
16474,Ukraine,2021,4835.571777
